Category,Type,Title,Description,Price,Sales,Rating,Stars,Reviews,,,,,,,,,,,,,,,,,,,,,,,,,,,,,
Fitness Wear,Sports Bra,"Preferred
Gym 11pcs/Set Home elastic band exercise Resistance Bands Gym workout equipment Tali fitness equipment resistant band","- Resistance Bands are elastic bands made of TPE tubing used for strength training
- Different resistance level to accommodate for progressive strength training levels
- Works your arms, shoulders, chest, back, legs, and more
- Compact size and lightweight for easy storage and transport, convenient to use anytime at home and anywhere you go

Applicable scenes: running sports, fitness equipment, hiking camping, sports protective gear accessories, sports trends, sports outdoor bags, extreme challenges, dance sports

Material: TPE
Specifications: 
Yellow Band - Extra Light (6 LBS - 8 LBS)
Green Band - Light (9 LBS - 11 LBS)
Red Band - Medium (12 LBS - 14 LBS)
Blue Band - Heavy (15 LBS - 18 LBS)
Black Band - Extra Heavy (22 LBS)
Packing list:
2x handle; 2x foot ring; 1x door buckle; 1x tote bag; 5x pull roper

1. Resistance Bands are elastic bands made of Latex tubing used for strength training.
2. They are light weight, portable and space saving exercise equipment
3. Designed to effectively building muscle strength and tone the body, there are resistance bands for a variety of exercise that specific muscle groups.
4. Its single dipper latex tube, the natural latex is over 99.998% free of soluble proteins (latex allergens)
5. Different resistance level to accommodate for progressive strength training levels:
Yellow Band - Extra Light (6 LBS - 8 LBS)
Green Band - Light (9 LBS - 11 LBS)
Red Band - Medium (12 LBS - 14 LBS)
Blue Band - Heavy (15 LBS - 18 LBS)
Black Band - Extra Heavy (22 LBS)
6. Strong cushioned foam handles with Zinc alloy clips and D-Ring
7. Easily creating over 30 different resistance levels by attaching 1.2.3.4. Or all 5 bands to the handle.
8.Perfect for Yoga, ABS, P90X workout.
",$9.99 ,1300,4.9,,"['m*****g2022-07-10 22:10 | Variation: 11 Set Resist BandSuitability: good for home exercisePerformance: not yet triedQuality: goodFast delivery 0:14  helpful?Report Abuseab257gfr_72022-05-09 12:06 | Variation: 11 Set Resist BandThe order arrived very fast. Arrived in good condition in a black bag. Have not started using them. 0:12  helpful?Report Abusewslu0012022-04-26 12:43 | Variation: 11 Set Resist Bandvery good! comes with the leg strap, handles, door thingie to attach and resistance bands. Worth it. 0:05  1Report Abuseboombernboom2022-05-07 17:55 | Variation: 11 Set Resist BandResistance band set received in good condition. Comes with a pouch to store as well. 0:11  helpful?Report Abusem*****82022-06-06 00:18 | Variation: 11 Set Resist BandPerformance: GoodQuality: GoodSuitability: Not badDelivery was fast and the product is good. Had tried and i will say is worth the money. Not sure how long it will last buy will buy again considering its quality and price. 0:06  1Report Abuseaddisonsingapore2022-01-28 14:42 | Variation: 11 Set Resist BandOrdered on Wednesday and received product today Friday. Very nice and comprehensive. Came with diagram of exercise recommendation. 0:13  helpful?Report Abuse12345...', 't*****l2021-10-09 16:57 | Variation: 11 Set Resist BandVery fast delivery. Items received in good condition. Hopefully it‚Äôs lasting! 0:09  helpful?Report Abusesallyg732021-12-09 12:17 | Variation: 11 Set Resist BandFast delivery with good buy pricing. Well packed. Recommended seller. 0:12  helpful?Report Abusek*****g2022-10-17 11:47 | Variation: 11 Set Resist BandReceived within a week \nNicely packed in a bag \nMaterial is acceptable 0:05 helpful?Report Abusem*****s2022-09-28 14:53 | Variation: 11 Set Resist Band11 set resist band Is received with good condition, haven‚Äôt try yet , hope it works for me , thank you so much üòäüôè 0:24 helpful?Report Abusey*****12022-10-10 12:49 | Variation: 11 Set Resist BandFast delivery, thanks. Received in less than a week, looking forward to trying üòéüí™ 0:04 helpful?Report Abusec*****j2022-08-25 21:00 | Variation: 11 Set Resist BandPerformance: yet to tryQuality: yet to trySuitability: yet to tryitem well received, very fast delivery 0:04 helpful?Report Abuse123456...', ""d*****.2022-07-08 20:21 | Variation: 11 Set Resist BandDelivery was super fast. Nicely packed and wrapped. Yet to try. Hope it works like advertised. 0:04 helpful?Report Abusecavanfoo2022-09-20 16:00 | Variation: 11 Set Resist Bandcame really quick, comes with a pouch for easy storage and instructions on how to use the equipment i'm impressed 0:10 helpful?Report Abuseuemand2022-09-16 09:25 | Variation: 11 Set Resist BandPerformance: GoodQuality: Thumbs upSuitability: Home workoutGood value product. Delivery was fast. Pm 0:07 helpful?Report Abusecorianderjuice2022-08-31 19:06 | Variation: 11 Set Resist BandPerformance: GoodQuality: GoodSuitability: GoodEasy to use. Easy to customise. Also comes with a little travel pouch to fit everything. 0:04 helpful?Report Abuses*****82022-10-04 10:19 | Variation: 11 Set Resist BandPerformance: okQuality: okSuitability: okEasy to set up and use, havent tried it out yet, but seems quite sturdy. Hopefully can workout at home using this resistance bands. 0:05 helpful?Report Abuset*****32022-07-20 17:01 | Variation: 11 Set Resist BandReceived in few days! Looks good and value for money! Cane with instructions menu! A bag to keep everything in place too! 0:15 helpful?Report Abuse123456..."", ""m*****e2022-08-08 01:11 | Variation: 11 Set Resist BandPerformance: GoodQuality: GoodSuitability: GoodThey provided some tools inside, don't know if use for what 0:09 helpful?Report Abusejesbaby2022-06-01 14:04 | Variation: 11 Set Resist BandQuality: looks goodItems received earlier than what was given. Feeling excited to try out as soon. It comes with the instructions on how to use it and can exercise in group of 5 people. Cool.. 0:28 helpful?Report Abuseryanaqi2022-08-01 18:50 | Variation: 11 Set Resist BandGreat product for the price worth it if no access to gym guys! 0:05 helpful?Report Abusem*****e2022-08-18 15:05 | Variation: 11 Set Resist BandItem received all in order and fast. Highly recommended for u 0:04 helpful?Report Abuseampdevil182022-07-23 09:35 | Variation: 11 Set Resist BandDelivery so fast üëçüèΩüëçüèΩ\nReceived in good condition without any damage, haven‚Äôt tried yet hope it‚Äôs work. 0:09 helpful?Report Abuseh*****82022-05-25 15:58 | Variation: 11 Set Resist BandNice. Useful. Delivery was super fast. Rubber may disintegrate over time but it will serve its purpose in the meantime 0:05 1Report Abuse1234567..."", 'corgiboi2022-04-08 12:30 | Variation: 11 Set Resist Banddelivery quite fast. quality looks good. have yet to try out... hopefully i dun get too lazy and waste money on it. 0:13 helpful?Report Abuseyeo857252022-04-04 00:41 | Variation: 11 Set Resist BandUseful and in good quality. Guide included in the bag. Fast delivery 0:08 1Report Abusem*****g2022-05-11 12:02 | Variation: 11 Set Resist BandNot bad. Can train for omlypic soon. Will buy it again. Highly recommended. 0:05 helpful?Report Abuses*****e2022-03-25 14:35 | Variation: 11 Set Resist BandReceived my loots in a span of 2 days. Items came nicely packed in a bag. Tried and tested the yellow, black and blue bands. Work really well. Quality is good too. Recommended! 0:15 helpful?Report Abuseitszombie2022-03-16 10:00 | Variation: 11 Set Resist BandOrder received... hopefully it will last and break on me... 0:08 helpful?Report Abusesusannachow2022-03-30 19:48 | Variation: 11 Set Resist BandThoughtful design. Can work out at any corner in the house. And worthy the money. 0:07 helpful?Report Abuse12...45678...', 'kenjicai2022-03-23 21:22 | Variation: 11 Set Resist BandI bought this piece of item I think around about roughly one week or so ago if I remembered correct and the item came to me with my satisfaction and looks good to use and train with so I thank the seller for this great product and hope to patronise again soon 0:04 helpful?Report Abusem*****f2022-01-23 20:16 | Variation: 11 Set Resist BandWorks well. Received within 3 working days. Super efficient.\nThank you seller 0:05 helpful?Report Abusec*****32022-01-11 00:39 | Variation: 11 Set Resist BandOk quality not bad I really appreciate it thanks HHa keep up!!! 0:04 helpful?Report Abusejas_tan092021-12-04 17:51 | Variation: 11 Set Resist BandFast delivery..... All 11 items inclusive the bag received according.... Yet to try...... Hope it works well....... Road to keep fit 0:13 1Report Abuset*****y2021-10-22 18:05 | Variation: 11 Set Resist BandItems are well received...the quality of items consider good for the price paid.. Overall satisfy with the product and delivery service.. Will purchase again from the same seller..everything come well intact also and the delivery bag is not broken..will consider buying again from the same seller ... 0:11 helpful?Report Abuse_*****i2022-01-01 20:06 | Variation: 11 Set Resist BandItem very good. Has been using for workout. 2nd time purchase 0:05 helpful?Report Abuse12...56789...', 'haziqqi982021-12-23 13:26 | Variation: 11 Set Resist BandItem received 2 days after order,and cant wait to try it on,looks good 0:05 helpful?Report Abuse8*****q2022-01-25 19:02 | Variation: 11 Set Resist BandItems received. Thank youuuuuuuuuuuuuuuuuuuuuuuuuu!!! 0:06 helpful?Report Abusem*****y2021-11-01 23:52 | Variation: 11 Set Resist BandItem received in good condition. Came as described. Thank you 0:05 helpful?Report Abusen*****t2021-12-07 22:25 | Variation: 11 Set Resist BandItem received within a week. Works well, just as expected and great for home workout. 0:05 helpful?Report Abuseb*****92021-10-15 23:49 | Variation: 11 Set Resist BandItem well received via courier. Comes with a simple work out guide with the resistance band. Thanks seller! 0:14 helpful?Report Abusehighrulenyzam2021-11-05 18:08 | Variation: 11 Set Resist BandItems well received in a carrier bag. Products are as described. Hopefully, it‚Äôll last! 0:08 helpful?Report Abuse12...678910...', 's*****_2021-11-19 20:46 | Variation: 11 Set Resist BandDelivery is pretty fast, about 3 to 4 days.\nSatisfied with the buy, an cheaper alternative resistance band and a way to work out üòÅ 0:13 helpful?Report Abusek*****h2021-12-15 15:39 | Variation: 11 Set Resist BandWow. Amazing. Superb. Great. V good. Amazing. Talented... 0:04 helpful?Report Abuser*****12021-10-21 14:36 | Variation: 11 Set Resist BandOverall great product, but the band itself can be slightly longer. 0:05 helpful?Report Abuseqoofun2021-10-31 09:53 | Variation: 11 Set Resist BandOrder recieved very happy with the products...... üíó 0:08 helpful?Report Abuser*****42021-10-21 11:50 | Variation: 11 Set Resist BandFast delivery item all in good condition \nThank u 0:18  helpful?Report Abusejoshopshop2022-05-18 01:14 | Variation: 11 Set Resist BandQuite value for money. 0:14 helpful?Report Abuse12...7891011...', 'goldfisgjy2022-04-02 09:01 | Variation: 11 Set Resist BandIt works great! Will buy again! 0:07 helpful?Report Abused1az62k5nu2021-12-30 23:47 | Variation: 11 Set Resist Bandnice!!! 0:08 helpful?Report Abusemuzakkir8122021-12-09 22:18 | Variation: 11 Set Resist BandAs described things are in good condition came quite fast good good 0:05 helpful?Report Abuselincrl2021-11-06 20:11 | Variation: 11 Set Resist BandLooks very good for the price and fast delivery thank you so much!!! 0:08 helpful?Report Abuseyypengu2021-11-26 20:58 | Variation: 11 Set Resist Bandgood very good bands everything very good must buy 0:06 helpful?Report Abusec*****e2021-12-29 15:51 | Variation: 11 Set Resist Bandorder only took 2 days to arrive, came in good condition 0:05 helpful?Report Abuse12...89101112...', ""fiqaheinn2022-05-04 19:56 | Variation: 11 Set Resist Band 0:04helpful?Report Abuseenchacha19642022-08-11 16:27 | Variation: 11 Set Resist BandPerformance: good, different colour with diff resistanceQuality: good, love itSuitability: it will be according to each and individual's needs and capabilityOverall I like it. So many items at these price!!üëå 0:06  1Report Abusem*****12022-08-17 17:58 | Variation: 11 Set Resist BandPerformance: GoodQuality: GoodSuitability: GoodItem received in good condition 0:05 helpful?Report Abuseb*****i2022-08-23 00:19 | Variation: 11 Set Resist BandDelivery was quick. Everything was packed neatly in the pouch. 0:04 helpful?Report Abusea*****22022-06-24 15:59 | Variation: 11 Set Resist BandPerformance: GoodQuality: GoodSuitability: GoodNice product and good performance. Very cheap and worth for money. Love it and i will do workouts everyday with it.\n\nThank you for the cheap price. Sell more cheap price ya. Tengkiu   helpful?Report Abusedurga3252022-09-24 22:51 | Variation: 11 Set Resist BandPerformance: goodQuality: okSuitability: goodI received the item very fast.my brother love it..hopefully it last.tha ks.. 0:04 helpful?Report Abuse12...910111213..."", 'g*****y2022-05-18 21:48 | Variation: 11 Set Resist BandFor all you fitness people tryna get those gains, take a chill pill. Get some human food other than chixken breast. You only live once. 0:06 1Report Abuseseowfanchong2022-05-19 15:47 | Variation: 11 Set Resist BandItem received. Hopefully it works. Looks like it is ok. Yet to try out. 0:04 helpful?Report Abuseseventyseven2022-05-14 13:31 | Variation: 11 Set Resist BandItem received in Good condition and fast delivery. \nThanks.   helpful?Report Abuserazeezaziz2022-04-23 15:49 | Variation: 11 Set Resist BandGood fast delivery ‚Ä¶.item arrived as described‚Ä¶ thank you very much‚Ä¶ 0:06 helpful?Report Abusek*****12022-03-26 17:23 | Variation: 11 Set Resist Bandquality good nice delivery fast gym 11pcs/set home elastic band 0:04 helpful?Report Abusej*****g2021-10-16 02:49 | Variation: 11 Set Resist BandItem came promptly as described. Not sure how accurate the weight is but overall everything is of decent quality, def worth it for the price 0:06 helpful?Report Abuse12...1011121314...', 'k*****32021-11-10 18:40 | Variation: 11 Set Resist BandItem received and yet to test out. Might consider buying again 0:04 helpful?Report Abusedylansiau86162021-10-26 18:36 | Variation: 11 Set Resist BandLook like not bad . Haven‚Äôt try yet . Thanks! Seller 0:10 helpful?Report Abusez*****52021-12-22 21:30 | Variation: 11 Set Resist BandItem received in one week. Great üëç for home workout üèãÔ∏è\u200d‚ôÇÔ∏è.\nHappy to try 0:06 helpful?Report Abusemuhdsuf2022-09-20 18:02 | Variation: 11 Set Resist BandPerformance: ExcellentQuality: Very goodSuitability: ExcellentEverything is great. \nJust that the handles came damaged  helpful?Report Abuseeddietklim2022-03-23 13:17 | Variation: 11 Set Resist BandNice!!!! Quick delivery and came in a pouch that kept the items together which is great!  helpful?Report Abuseace_adi2021-12-29 23:57 | Variation: 11 Set Resist BandItem received in good order. good quality, happy that it has diff bands so i can change üëçüèªüëçüèª bag awesome can fit all of these items. Talk about portability.  helpful?Report Abuse12...1112131415...', 'plimanony12021-11-10 18:48 | Variation: 11 Set Resist BandQuick delivery. Well packed. The set contains 11 parts and a manual describing different exercises.  helpful?Report Abusek*****92022-08-18 07:18 | Variation: 11 Set Resist BandPerformance: not yet testedQuality: not yet testedSuitability: not yet testedWill but again if its good 0:04 helpful?Report Abuses*****12022-08-27 20:19 | Variation: 11 Set Resist BandPerformance: it is very good and very strong and very usefulQuality: worth it for the price 0:04 helpful?Report Abusea*****92022-01-30 19:46 | Variation: 11 Set Resist BandNot bad good packaging doesnt take long to receive havent tried yet hopefully good yayyyyyy 0:04 helpful?Report Abusej*****r2021-09-29 11:07 | Variation: 11 Set Resist BandItem in good condition and as described. Seller is honest. Thanks! 0:11 helpful?Report Abusejoesxa2022-07-05 13:26 | Variation: 11 Set Resist BandGood product! Fast delivery too. Should last as the material seem quite good. helpful?Report Abuse12...1213141516...', 'j*****c2022-09-20 16:22 | Variation: 11 Set Resist BandPerformance: able to customize tension by adding more bandsQuality: goodSuitability: for experienced gym buffs. Beginners should stick to the one piece band. helpful?Report Abuselhsim77172022-10-14 19:01 | Variation: 11 Set Resist BandPerformance: seems ok, not used yetQuality: goodSuitability: goodHad not open and used yet, hope it will lasts helpful?Report Abusejohnjiang942022-08-24 20:24 | Variation: 11 Set Resist BandPerformance: goodQuality: goodSuitability: goodnice and fast deliveryyyyyyyyyyyyyyyyyyyyyyyyyy helpful?Report Abusejaroenphra2022-08-14 12:13 | Variation: 11 Set Resist BandPerformance: GreatQuality: DurableSuitability: GoodGreat equipment with very affordable price... helpful?Report Abusec*****z2022-07-23 14:08 | Variation: 11 Set Resist BandVery good quality bands, very happy with the product. Will buy again if needed! helpful?Report Abuset*****y2022-07-08 15:53 | Variation: 11 Set Resist BandDecent resistance, though the band is shorter than I expected. Though when you use all bands, it will be a heck of a workout. Equipped with enough accessories to allow multiple angles and exercises. 1Report Abuse12...1314151617...', 'ashleyytann2022-05-10 09:41 | Variation: 11 Set Resist BandFast delivery. Item well received. 0:04 helpful?Report Abusec*****g2022-04-03 11:31 | Variation: 11 Set Resist BandReceived in good condition and considered timely. Thank you seller. helpful?Report Abuseg*****e2022-03-29 19:39 | Variation: 11 Set Resist Banditems were delivered earlier than expected and in good working condition. quality looks good too. hope it can last long enough. helpful?Report Abusep*****32022-04-10 13:43 | Variation: 11 Set Resist BandOrdered 1 April, only received 5 April. Expected earlier but think due to 4.4 Sale. Still overall good buy helpful?Report Abused*****t2022-03-25 16:29 | Variation: 11 Set Resist BandDelivery quite fast,yet to try seem nice to me anyway thanks seller will recommend to family and friends if the product long lasting helpful?Report Abuseb*****12022-04-02 23:08 | Variation: 11 Set Resist BandLove this bands for my exercise.  Product is good. helpful?Report Abuse12...1415161718...', 'hardlame2022-03-12 16:31 | Variation: 11 Set Resist BandAmazing. Delivery is fast and accurate. Time to use it.. Thank you. Will shop again soon helpful?Report Abusejazzymonkey2022-03-10 15:07 | Variation: 11 Set Resist BandQuick delivery! Items look to be in good condition and look forward to using them. helpful?Report Abuses*****92022-01-30 12:49 | Variation: 11 Set Resist Banditem received in good packaging. all in one small bag good for traveling. materials looks good hope it will last long. helpful?Report Abusegabrielcwm2022-01-09 20:11 | Variation: 11 Set Resist BandSet looks good, easy to attach to the door and bands look like they will last. helpful?Report Abusen*****32021-12-25 11:14 | Variation: 11 Set Resist BandSuper fast delivery‚Ä¶..Tried using it, the material is good. helpful?Report Abuse3fdbs3ct0i7xrrbl0q16cxnenood2021-12-22 01:36 | Variation: 11 Set Resist BandReceived per product description. Different bends has different degree of tension. helpful?Report Abuse12...1516171819...', ""97033nj3cc2021-10-15 13:46 | Variation: 11 Set Resist BandFound item at doorstep this morning when I woke up. It was left overnight at doorstep (tracking stated as delivered after midnight). Received all items in black bag but have not tried using any of it yet, hopefully nothing breaks. Just want to confirm asap so Seller will get his/her $$$. helpful?Report Abuseryansasg2021-10-16 18:31 | Variation: 11 Set Resist BandVery fast delivery. Hope to get good results... Thanks seller for the affordable item helpful?Report Abusekimwanee2021-11-09 17:36 | Variation: 11 Set Resist BandCame within 3 days!!! Looks like the photo! Thank you seller! helpful?Report Abuse3*****s2021-11-01 23:58 | Variation: 11 Set Resist BandEverything  received  in good condition   Fast  and  reliable  retailer. helpful?Report Abuseb*****32021-09-30 19:09 | Variation: 11 Set Resist BandItem arrived in a pouch. So far so good. Let's see how durable this is in the long run helpful?Report Abusecameracho2021-09-27 21:21 | Variation: 11 Set Resist BandWorth buying as a set, like the resistant band for training.  Hope it will last. helpful?Report Abuse12...1617181920..."", 'r*****g2021-10-16 20:25 | Variation: 11 Set Resist BandReceived with good condition and fast delivery. Tested OK to use. helpful?Report Abusehiform2021-11-24 22:13 | Variation: 11 Set Resist BandReceived in good condition. 0:05 helpful?Report Abuseangyk972022-01-29 12:36 | Variation: 11 Set Resist BandDelivery was fast, product received as ordered. Excited to try it out üòÇüëç helpful?Report Abusef*****k2021-10-21 23:02 | Variation: 11 Set Resist BandParcel arrived quickly. Highly recommended. 0:11 helpful?Report Abuses*****p2022-10-15 08:42 | Variation: 11 Set Resist BandFast delivery and packaging well packed  helpful?Report Abuseronchan19692022-09-11 04:51 | Variation: 11 Set Resist BandThe slippers are big tight but hopefully will loose up after wearing it.  Other items are ok.  If comfortable will consider buying again 0:06 helpful?Report Abuse12...1718192021...', 'azyanaries19952022-10-10 21:52 | Variation: 11 Set Resist BandGood 0:04 helpful?Report Abusebryanlys2021-11-20 12:14 | Variation: 11 Set Resist BandItem arrived fast and working in good condition!!. Nice!!!! 0:04 helpful?Report Abusehpjceew7bharoqz6aot021x1kful2021-10-15 21:31 | Variation: 11 Set Resist BandThank seller.  helpful?Report Abusef*****s2022-06-29 20:38 | Variation: 11 Set Resist BandSo so happy with purchase! Cheap and of good quality product. Comes with everything! With a bag too! Recommended! 0:36 helpful?Report Abusej*****m2022-10-13 18:59 | Variation: 11 Set Resist Band helpful?Report Abuseahboiwan2022-05-21 00:18 | Variation: 11 Set Resist BandVery fast helpful?Report Abuse12...1819202122...', 'zikizell7952022-05-04 14:13 | Variation: 11 Set Resist BandItem is well received.. worth buying helpful?Report Abusegoldfisgjy2022-04-13 14:27 | Variation: 11 Set Resist Band2nd purchase, works great! helpful?Report Abusev*****e2022-03-01 22:03 | Variation: 11 Set Resist BandReceived in good condition helpful?Report Abusepibelle2022-02-12 14:25 | Variation: 11 Set Resist BandFast Delivery helpful?Report Abusethomasthyng2021-10-25 10:20 | Variation: 11 Set Resist BandSuper fast delivery. Looks good helpful?Report Abuse65shopee14862022-02-16 10:58 | Variation: 11 Set Resist BandGood! helpful?Report Abuse12...1920212223...', '_*****_2022-02-17 18:22 | Variation: 11 Set Resist BandGood üëç helpful?Report Abusesassy8812021-11-15 23:49 | Variation: 11 Set Resist Banditem well received. delivery was super fast helpful?Report Abuseasapkecam2021-12-31 16:28 | Variation: 11 Set Resist BandItem received in good condition helpful?Report Abuseb*****g2021-10-09 17:36 | Variation: 11 Set Resist Bandnot bad ..happy with purchase..good helpful?Report Abusecareenlau882021-09-24 14:43 | Variation: 11 Set Resist BandCame with a bag and product seems long lasting. Great bundle price. 0:04 helpful?Report Abuse23g04c3upe2021-12-22 19:38 | Variation: 11 Set Resist Bandgood üëç helpful?Report Abuse12...2021222324...', 'mcmpaham2021-12-18 05:10 | Variation: 11 Set Resist Band helpful?Report Abusei*****a2021-10-19 11:13 | Variation: 11 Set Resist BandCame fast and in good condition. helpful?Report Abusemikamiff872021-11-11 17:23 | Variation: 11 Set Resist BandItem very neat and tidy..thank u helpful?Report Abuseykyn1o_vex2021-10-07 12:23 | Variation: 11 Set Resist BandVery fast delivered items in good condition helpful?Report Abusea*****k2022-10-06 21:28 | Variation: 11 Set Resist BandPerformance: goodQuality: goodGood, fast delivery. My brother loves it. Will buy again 0:04 helpful?Report Abuseafifkidam2021-11-08 05:14 | Variation: 11 Set Resist BandUp to 5 resistant band, not bad. Now can workout at home instead of gym 0:04 helpful?Report Abuse12...2122232425...', 'l*****y2021-10-06 16:01 | Variation: 11 Set Resist BandReally worth it for the price although the strength curve doesnt feel too smooth with these bands 0:06 helpful?Report Abusenatnatnatty.lim2022-10-20 21:46 | Variation: 11 Set Resist BandPerformance: passableQuality: okThe strap part feels a little flimsy, the rubber part is ok! Overall pretty good :)helpful?Report Abusepsgoh812022-09-20 13:20 | Variation: 11 Set Resist BandQuality is good and comes with instructions. Very good buy!helpful?Report Abusejayden694202022-08-31 14:14 | Variation: 11 Set Resist BandPerformance: very goodQuality: highwow, this bands makes me full like there‚Äôs a gym at my home. best purchase on shopeehelpful?Report Abusemeeela942022-09-20 22:09 | Variation: 11 Set Resist BandPerformance: GoodQuality: DurableSuitability: GoodInstructions could be more specific however husband likes it and has started using it.\n\nThank you for the super fast delivery!helpful?Report Abusev*****i2022-10-05 09:11 | Variation: 11 Set Resist Bandüò≥\n\n‡Æπ‡Øç‡Æπ‡Øç‡Æπ‡Øç‡Æπ‡Øç‡Æπ‡Øç‡Æπ\n‡Æπ‡Æú‡Øç‡Æπ‡Æú‡Øç‡Æú‡Øç‡Æú‡Øç‡Æú‡Øç‡Æ§‡Øç‡Æú‡Øç‡Æú‡Øç‡Æú‡Øç‡Æπ‡Øç‡Æπ‡Øç\n‡Æπ‡Øç‡Æπ‡Øç‡Æπ‡Øç‡Æπ‡Øç‡Æπ‡Øç‡Æπ\n‡Æú‡Øçhelpful?Report Abuse12...2223242526...', ""808_gizr962022-07-10 00:05 | Variation: 11 Set Resist Bandüëç. Value for money but missing one ankle strap in the packagehelpful?Report Abusearnoldtay2022-05-26 19:55 | Variation: 11 Set Resist BandPerformance: tried out a while, quality feel good. value for moneyhelpful?Report Abusen*****h2022-05-26 12:17 | Variation: 11 Set Resist BandPerformance: 100%Quality: 100%Suitability: 100%Super fast deliveryhelpful?Report Abusetrash_mettle2022-05-13 20:41 | Variation: 11 Set Resist BandLike the instruction manual!!! The bands are good to use. Wish the handle could have been more solid. I think the sponge part may dirty or corrode after a sweaty workout.helpful?Report Abusealvin33522022-04-20 11:06 | Variation: 11 Set Resist Bandlooks good and cheap, buying more to give friend..helpful?Report Abuset*****z2022-04-18 18:49 | Variation: 11 Set Resist BandBands look good, doesn't look like it'll break so easily. Came with all 11pcs and all pretty good material for the price. Just buy lah, you already spent $10 on that big mac you just had, at least this $10 won't clog your arteries even if you eat it.helpful?Report Abuse12...2324252627..."", 'whitemeal2022-02-15 07:13 | Variation: 11 Set Resist BandFantastic value! Item arrived quickly and in good condition. Briefly tried it out and everything works well.helpful?Report Abusel*****82022-01-27 07:10 | Variation: 11 Set Resist BandReceived it. Come with small drawstring bag. Very neat. Goodhelpful?Report Abuserafidhicloud2021-10-27 15:41 | Variation: 11 Set Resist Bandnice sturdy quality, nice bag given! really worth it!helpful?Report Abusepeteraloysiusjustin2021-10-17 12:00 | Variation: 11 Set Resist BandOk. Just feels ok. For the price. Need to see how long it lasts.helpful?Report Abuseo*****92021-11-05 18:01 | Variation: 11 Set Resist BandGot it on sale, $9.99 very worth it. Quality is good too.helpful?Report Abusehk21732021-11-08 02:21 | Variation: 11 Set Resist BandReceived in good condition . Works well. Good stuff. Thankshelpful?Report Abuse12...2425262728...', 'j*****82022-07-13 20:44 | Variation: 11 Set Resist BandGreat product! Thanks a lot seller!helpful?Report Abusekimtati19742022-09-05 09:15 | Variation: 11 Set Resist BandQuality: Gets the job donehelpful?Report Abusesandyong0002022-08-20 13:17 | Variation: 11 Set Resist BandGood item will buy from this seller again.helpful?Report Abuseahmadjol2022-08-14 14:32 | Variation: 11 Set Resist BandExcellent quality and time taken to deliverhelpful?Report Abuse11kvn81koh2022-07-16 22:13 | Variation: 11 Set Resist BandPerformance: not badQuality: not badhelpful?Report Abusemewfongchan2022-06-01 13:48 | Variation: 11 Set Resist BandQuality: As expectedFast deliveryhelpful?Report Abuse12...2526272829...', 'c*****t2022-05-25 22:53 | Variation: 11 Set Resist BandFast delivery thankshelpful?Report Abusegilbertmah2022-06-01 06:12 | Variation: 11 Set Resist BandGood job seller üëçhelpful?Report Abusejasperic2022-05-25 11:34 | Variation: 11 Set Resist BandGoodhelpful?Report Abusejackkee062022-05-14 12:25 | Variation: 11 Set Resist BandCheap and good üëç. Fast delivery. Thanks seller üëçhelpful?Report Abuseandersen342022-05-13 09:57 | Variation: 11 Set Resist BandGood quality. Value for money. Fast delivery.helpful?Report Abuseastleycheongcs2022-04-01 19:00 | Variation: 11 Set Resist BandFast delivery nice packing.helpful?Report Abuse12...2627282930...', 'kassytoh2022-03-29 14:44 | Variation: 11 Set Resist BandItem received in good conditionhelpful?Report Abusemarivaran2022-03-11 08:40 | Variation: 11 Set Resist BandGoodhelpful?Report Abuseloh11072022-02-18 09:12 | Variation: 11 Set Resist BandFast deliveryhelpful?Report Abuserameshankari2021-09-30 17:26 | Variation: 11 Set Resist BandItem is good as explainedhelpful?Report Abusejohnlimlc2021-12-21 00:03 | Variation: 11 Set Resist BandLooks compact and functional\nValue for moneyhelpful?Report Abusesyasha08102021-11-16 07:52 | Variation: 11 Set Resist BandGoodhelpful?Report Abuse12...2728293031...', 'no1rider2021-10-31 08:39 | Variation: 11 Set Resist BandFast delivery and quality goodhelpful?Report Abusenessasin2021-12-14 19:04 | Variation: 11 Set Resist BandNot too bad for deliveryhelpful?Report Abuseclkdavidshop2021-11-24 08:36 | Variation: 11 Set Resist BandFast Delivery and quality quite goodhelpful?Report Abusehanaza302021-11-05 12:00 | Variation: 11 Set Resist BandItem received..,Look good..Thanks sellerhelpful?Report Abuser*****72021-10-28 16:45 | Variation: 11 Set Resist BandGood qualityhelpful?Report Abusey*****02022-01-03 01:36 | Variation: 11 Set Resist Bandhelpful?Report Abuse12...2829303132...', 'andylaushaoheng2021-11-27 08:38 | Variation: 11 Set Resist BandGoodhelpful?Report Abuseiliekwater2021-12-07 12:00 | Variation: 11 Set Resist BandGood quality!helpful?Report Abuseaimoi2021-10-15 13:19 | Variation: 11 Set Resist Bandhelpful?Report Abusecl_nick2021-11-15 07:15 | Variation: 11 Set Resist BandGreat in condition...Worth for the pricehelpful?Report Abusezhangchongyang2021-10-02 21:32 | Variation: 11 Set Resist BandAcceptable at this pricehelpful?Report Abuses*****c2021-11-13 16:33 | Variation: 11 Set Resist Bandhelpful?Report Abuse12...2930313233...', 'reezal46sg2022-10-09 00:00 | Variation: 11 Set Resist Bandhelpful?Report Abuses*****g2022-10-23 10:16 | Variation: 11 Set Resist Bandhelpful?Report Abuseluaweesuan2022-06-25 23:41 | Variation: 11 Set Resist Bandhelpful?Report Abusec*****12022-07-02 08:05 | Variation: 11 Set Resist Bandhelpful?Report Abusehalmsteen2022-07-24 03:15 | Variation: 11 Set Resist Bandhelpful?Report Abuselyn011742022-08-20 18:30 | Variation: 11 Set Resist Bandhelpful?Report Abuse12...3031323334...', 'stephbeehong2022-09-18 01:25 | Variation: 11 Set Resist Bandhelpful?Report Abusepercy632022-09-17 22:29 | Variation: 11 Set Resist Bandhelpful?Report Abusekatakoyan2022-09-25 10:05 | Variation: 11 Set Resist Bandhelpful?Report Abusevijayendranguna2022-08-12 20:04 | Variation: 11 Set Resist Bandhelpful?Report Abusecarolinekoh.jy2022-09-29 18:16 | Variation: 11 Set Resist Bandhelpful?Report Abuses*****82022-10-06 11:49 | Variation: 11 Set Resist Bandhelpful?Report Abuse12...3132333435...', 'davekkk2022-07-23 11:52 | Variation: 11 Set Resist Bandhelpful?Report Abuseshredderx2022-08-11 19:25 | Variation: 11 Set Resist Bandhelpful?Report Abuseezylife.m4rt2022-08-18 22:05 | Variation: 11 Set Resist Bandhelpful?Report Abuseaideshah142022-07-21 21:59 | Variation: 11 Set Resist Bandhelpful?Report Abusebearyboos2022-08-24 17:36 | Variation: 11 Set Resist Bandhelpful?Report Abuser*****l2022-07-29 21:27 | Variation: 11 Set Resist Bandhelpful?Report Abuse12...3233343536...', 'hjeleven2022-08-25 11:12 | Variation: 11 Set Resist Bandhelpful?Report Abusekeithtm762022-08-12 23:06 | Variation: 11 Set Resist Bandhelpful?Report Abusee*****s2022-07-12 20:57 | Variation: 11 Set Resist Bandhelpful?Report Abusenicholasong18182022-08-16 14:58 | Variation: 11 Set Resist Bandhelpful?Report Abusem*****92022-08-18 17:18 | Variation: 11 Set Resist Bandhelpful?Report Abusejasmani21122022-09-09 16:50 | Variation: 11 Set Resist Bandhelpful?Report Abuse12...3334353637...', 'k*****s2022-07-23 18:27 | Variation: 11 Set Resist Bandhelpful?Report Abusefiqqqqqqqqqqqqq2022-06-25 15:42 | Variation: 11 Set Resist Bandhelpful?Report Abusejafexy2022-07-19 17:51 | Variation: 11 Set Resist Bandhelpful?Report Abusem*****62022-08-14 14:49 | Variation: 11 Set Resist Bandhelpful?Report Abusewmirza982022-07-26 12:37 | Variation: 11 Set Resist Bandhelpful?Report Abusemaifemina2022-10-07 06:52 | Variation: 11 Set Resist Bandhelpful?Report Abuse12...3435363738...', 'ameliato2022-09-12 13:30 | Variation: 11 Set Resist Bandhelpful?Report Abusechimerame2022-09-20 23:15 | Variation: 11 Set Resist Bandhelpful?Report Abuseniazshah2022-10-11 14:37 | Variation: 11 Set Resist Bandhelpful?Report Abuseajeedkecik2022-07-03 08:05 | Variation: 11 Set Resist Bandhelpful?Report Abusefoodreadytoeat2022-09-18 15:31 | Variation: 11 Set Resist Bandhelpful?Report Abuseproaboveme2022-08-08 09:38 | Variation: 11 Set Resist Bandhelpful?Report Abuse12...3536373839...', 'manirajen2022-08-20 18:46 | Variation: 11 Set Resist Bandhelpful?Report Abuseerf9rbvzgu2022-09-23 19:05 | Variation: 11 Set Resist Bandhelpful?Report Abusetankiansu2022-09-21 20:48 | Variation: 11 Set Resist Bandhelpful?Report Abusemichiemichele2022-07-25 09:16 | Variation: 11 Set Resist Bandhelpful?Report Abuserickseow2022-07-04 12:53 | Variation: 11 Set Resist Bandhelpful?Report Abusezhanghong6162022-08-21 09:39 | Variation: 11 Set Resist Bandhelpful?Report Abuse12...3637383940...', 'kaaruniesvaranvaran2022-07-10 08:15 | Variation: 11 Set Resist Bandhelpful?Report Abuseaashraffff2022-08-20 15:36 | Variation: 11 Set Resist Bandhelpful?Report Abusewilosn13592022-08-22 14:19 | Variation: 11 Set Resist Bandhelpful?Report Abusealexteo112022-08-19 00:00 | Variation: 11 Set Resist Bandhelpful?Report Abusesandylim27042022-07-20 21:50 | Variation: 11 Set Resist Bandhelpful?Report Abuseo*****22022-07-17 12:56 | Variation: 11 Set Resist Bandhelpful?Report Abuse12...3738394041...', 'iraiak2022-10-06 17:19 | Variation: 11 Set Resist Bandhelpful?Report Abuseirfankhamis212022-10-08 08:06 | Variation: 11 Set Resist Bandhelpful?Report Abusehongdaeee2022-06-24 23:32 | Variation: ",,,,,,,,,,,,,,,,,,,,,,,,,,,,,
1 Set Resist Bandhelpful?Report Abuseselly_chenn2022-09-07 19:50 | Variation: 11 Set Resist Bandhelpful?Report Abuseesham02042022-06-30 08:42 | Variation: 11 Set Resist Bandhelpful?Report Abusej*****82022-07-07 10:10 | Variation: 11 Set Resist Bandhelpful?Report Abuse12...3839404142...', 'ewandanialmok2022-08-26 10:19 | Variation: 11 Set Resist Bandhelpful?Report Abusekinw221152022-09-24 17:08 | Variation: 11 Set Resist Bandhelpful?Report Abuse_n3kcgc_ti2022-07-30 08:37 | Variation: 11 Set Resist Bandhelpful?Report Abuseiz_mao2022-10-21 15:02 | Variation: 11 Set Resist Bandhelpful?Report Abusesukransupi2022-10-19 17:35 | Variation: 11 Set Resist Band1Report Abuseyagokamakura2022-07-05 13:50 | Variation: 11 Set Resist Bandhelpful?Report Abuse12...3940414243...', 'ardentsc2022-06-30 18:01 | Variation: 11 Set Resist Bandhelpful?Report Abuses*****s2022-08-19 10:27 | Variation: 11 Set Resist Bandhelpful?Report Abusediezulwinter2022-08-27 00:43 | Variation: 11 Set Resist Bandhelpful?Report Abusemuhdfitrigds2022-10-05 23:51 | Variation: 11 Set Resist Bandhelpful?Report Abusenarenmark2022-10-01 08:50 | Variation: 11 Set Resist Bandhelpful?Report Abuseafiq_xxx2022-10-06 20:24 | Variation: 11 Set Resist Bandhelpful?Report Abuse12...4041424344...', 'dinohercules2022-09-29 18:57 | Variation: 11 Set Resist Bandhelpful?Report Abusej*****12022-06-29 14:59 | Variation: 11 Set Resist Bandhelpful?Report Abusecarrymaster2022-08-11 22:21 | Variation: 11 Set Resist Bandhelpful?Report Abusew3w9_wqkaq2022-07-03 23:58 | Variation: 11 Set Resist Bandhelpful?Report Abusejulie150819762022-06-23 14:42 | Variation: 11 Set Resist Bandhelpful?Report Abusez*****42022-06-17 10:50 | Variation: 11 Set Resist Bandhelpful?Report Abuse12...4142434445...', 'c*****s2022-06-24 11:22 | Variation: 11 Set Resist Bandhelpful?Report Abusef*****m2022-06-22 05:15 | Variation: 11 Set Resist Bandhelpful?Report Abuseinriqnez2022-06-21 12:55 | Variation: 11 Set Resist Bandhelpful?Report Abuseequvs2uif82022-06-21 00:01 | Variation: 11 Set Resist Bandhelpful?Report Abuseverinkaur2022-06-16 16:39 | Variation: 11 Set Resist Bandhelpful?Report Abusejellonjulian2022-06-18 08:50 | Variation: 11 Set Resist Bandhelpful?Report Abuse12...4243444546...', 'nvrrrin2022-06-26 10:18 | Variation: 11 Set Resist Bandhelpful?Report Abusewrite2kimkee2022-06-09 13:01 | Variation: 11 Set Resist Bandhelpful?Report Abusew*****a2022-09-14 12:12 | Variation: 11 Set Resist Bandhelpful?Report Abusenrelhm2022-05-30 15:21 | Variation: 11 Set Resist Bandhelpful?Report Abuseanakaim3032022-05-26 22:19 | Variation: 11 Set Resist Bandhelpful?Report Abuseyeefungx2022-05-25 14:02 | Variation: 11 Set Resist Bandhelpful?Report Abuse12...4344454647...', 'talibkas2022-05-26 19:06 | Variation: 11 Set Resist Bandhelpful?Report Abusekevinhwc2022-05-28 14:50 | Variation: 11 Set Resist Bandhelpful?Report Abusedarrell23832022-05-24 20:14 | Variation: 11 Set Resist Bandhelpful?Report Abusedioneleen19702022-05-25 13:45 | Variation: 11 Set Resist Bandhelpful?Report Abusesandy_21052022-05-21 12:38 | Variation: 11 Set Resist Bandhelpful?Report Abusekenshung2022-05-24 09:10 | Variation: 11 Set Resist Bandhelpful?Report Abuse12...4445464748...', 'shakirjr102022-05-22 01:58 | Variation: 11 Set Resist Bandhelpful?Report Abusedannytan762022-05-17 16:22 | Variation: 11 Set Resist Bandhelpful?Report Abusethefinestpiece2022-05-14 21:42 | Variation: 11 Set Resist Bandhelpful?Report Abusechanweishyan2022-05-14 21:34 | Variation: 11 Set Resist Bandhelpful?Report Abuseeugeniek2022-05-13 11:13 | Variation: 11 Set Resist Bandhelpful?Report Abusek*****s2022-05-09 23:15 | Variation: 11 Set Resist Bandhelpful?Report Abuse12...4546474849...', 'kahmeeliuh2022-05-14 07:01 | Variation: 11 Set Resist Bandhelpful?Report Abusetankcjohnson2022-05-15 08:29 | Variation: 11 Set Resist Bandhelpful?Report Abusepekjaljoker3692022-05-02 03:06 | Variation: 11 Set Resist Bandhelpful?Report Abusefirdxusss2022-05-07 20:42 | Variation: 11 Set Resist Bandhelpful?Report Abusenopengoo2022-05-11 23:00 | Variation: 11 Set Resist Bandhelpful?Report Abusemahirzenal2022-05-03 21:08 | Variation: 11 Set Resist Bandhelpful?Report Abuse12...4647484950...', 't*****62022-05-03 13:39 | Variation: 11 Set Resist Bandhelpful?Report Abusealvin33522022-04-22 19:10 | Variation: 11 Set Resist Bandhelpful?Report Abusefirmshadows2022-04-23 16:41 | Variation: 11 Set Resist Bandhelpful?Report Abusek3ithwolf022022-04-28 15:57 | Variation: 11 Set Resist Bandhelpful?Report Abuseashwinsugreevan2022-04-27 23:46 | Variation: 11 Set Resist Bandhelpful?Report Abusejasonllh2022-04-22 19:08 | Variation: 11 Set Resist Bandhelpful?Report Abuse12...4748495051...', 'irman_0772022-04-29 14:21 | Variation: 11 Set Resist Bandhelpful?Report Abusehiester2022-04-27 09:38 | Variation: 11 Set Resist Bandhelpful?Report Abusel54gwqgo852022-04-26 21:24 | Variation: 11 Set Resist Bandhelpful?Report Abusemeekahrun172022-04-23 18:04 | Variation: 11 Set Resist Bandhelpful?Report Abuselimweihao12322022-04-17 13:14 | Variation: 11 Set Resist Bandhelpful?Report Abusecocoabean142022-04-23 01:34 | Variation: 11 Set Resist Bandhelpful?Report Abuse12...4849505152...', 'vikram_99992022-04-12 11:47 | Variation: 11 Set Resist Bandhelpful?Report Abusea*****e2022-04-04 09:33 | Variation: 11 Set Resist Bandhelpful?Report Abusesonikajha2022-04-08 23:43 | Variation: 11 Set Resist Bandhelpful?Report Abusealvinm2212022-04-05 20:54 | Variation: 11 Set Resist Bandhelpful?Report Abuses*****m2022-04-14 09:06 | Variation: 11 Set Resist Bandhelpful?Report Abusepaparich82022-04-08 20:37 | Variation: 11 Set Resist Bandhelpful?Report Abuse12...4950515253...', 'mannu19852022-04-02 12:50 | Variation: 11 Set Resist Bandhelpful?Report Abusemani382022-04-01 18:14 | Variation: 11 Set Resist Bandhelpful?Report Abuses*****42022-04-02 09:47 | Variation: 11 Set Resist Bandhelpful?Report Abuseg*****d2022-03-31 13:41 | Variation: 11 Set Resist Bandhelpful?Report Abusehartheproman2022-04-09 19:04 | Variation: 11 Set Resist Bandhelpful?Report Abusek*****c2022-03-19 09:02 | Variation: 11 Set Resist Bandhelpful?Report Abuse12...5051525354...', 'sw31052022-04-01 15:48 | Variation: 11 Set Resist Bandhelpful?Report Abusegregorynks2022-03-23 22:05 | Variation: 11 Set Resist Bandhelpful?Report Abuserazali82422022-04-05 18:15 | Variation: 11 Set Resist Bandhelpful?Report Abusexxzoeyyyx2022-03-19 18:03 | Variation: 11 Set Resist Bandhelpful?Report Abuseodupuvoglj2022-03-25 20:31 | Variation: 11 Set Resist Bandhelpful?Report Abusetrishantini2022-03-23 15:19 | Variation: 11 Set Resist Bandhelpful?Report Abuse12...5152535455...', 'bq1s8_ov632022-07-09 00:36 | Variation: 11 Set Resist Bandhelpful?Report Abusekelvinthng82022-03-26 15:18 | Variation: 11 Set Resist Bandhelpful?Report Abusesarcasm792022-03-14 20:32 | Variation: 11 Set Resist Bandhelpful?Report Abuseshadowerxshawn2022-03-10 23:49 | Variation: 11 Set Resist Bandhelpful?Report Abusej*****32022-03-21 09:40 | Variation: 11 Set Resist Bandhelpful?Report Abusescentwind2022-03-25 18:07 | Variation: 11 Set Resist Bandhelpful?Report Abuse12...5253545556...', 'xanljh2022-02-25 21:41 | Variation: 11 Set Resist Bandhelpful?Report Abusejeromewinnie2022-03-24 07:11 | Variation: 11 Set Resist Bandhelpful?Report Abusea*****_2022-03-17 21:09 | Variation: 11 Set Resist Bandhelpful?Report Abuse_notyourbaby_2022-03-19 20:40 | Variation: 11 Set Resist Bandhelpful?Report Abusehalimahmohmad2022-03-18 21:40 | Variation: 11 Set Resist Bandhelpful?Report Abusechenshiya1232022-02-17 21:30 | Variation: 11 Set Resist Bandhelpful?Report Abuse12...5354555657...', 'msb2ap96f_2022-02-21 08:21 | Variation: 11 Set Resist Bandhelpful?Report Abusexsilversky86x2022-02-10 20:41 | Variation: 11 Set Resist Bandhelpful?Report Abuseongbe92022-02-05 14:38 | Variation: 11 Set Resist Bandhelpful?Report Abusewzmykyp2q52022-02-18 07:04 | Variation: 11 Set Resist Bandhelpful?Report Abusewhitechoco132022-02-05 08:29 | Variation: 11 Set Resist Bandhelpful?Report Abusep*****62021-09-18 23:44 | Variation: 11 Set Resist Bandhelpful?Report Abuse12...5455565758...', 'marcuscheong_19952022-01-22 17:57 | Variation: 11 Set Resist Bandhelpful?Report Abusek*****12022-02-26 16:17 | Variation: 11 Set Resist Bandhelpful?Report Abusefelicorn._.2022-02-17 04:37 | Variation: 11 Set Resist Bandhelpful?Report Abusethomasthyng2021-11-08 23:31 | Variation: 11 Set Resist Bandhelpful?Report Abusescordia_282022-02-11 19:31 | Variation: 11 Set Resist Bandhelpful?Report Abuserameshankari2021-11-07 16:58 | Variation: 11 Set Resist Bandhelpful?Report Abuse12...5556575859...', '5z6gdsk1g22022-02-01 11:19 | Variation: 11 Set Resist Bandhelpful?Report Abusesabtu19662022-02-10 19:55 | Variation: 11 Set Resist Bandhelpful?Report Abuse28dpo2g5c12022-02-14 09:49 | Variation: 11 Set Resist Bandhelpful?Report Abuseyuliaffny2022-01-03 23:29 | Variation: 11 Set Resist Bandhelpful?Report Abusedistinguish22022-02-09 06:25 | Variation: 11 Set Resist Bandhelpful?Report Abusemr_greentea2022-02-08 22:21 | Variation: 11 Set Resist Bandhelpful?Report Abuse12...5657585960...', 'wei_hongz2022-02-07 22:24 | Variation: 11 Set Resist Bandhelpful?Report Abusey*****i2021-12-31 12:00 | Variation: 11 Set Resist Bandhelpful?Report Abusekhirule2021-12-31 11:16 | Variation: 11 Set Resist Bandhelpful?Report Abuseevancj2022-01-08 17:34 | Variation: 11 Set Resist Bandhelpful?Report Abuseimkelvinng2022-01-30 12:06 | Variation: 11 Set Resist Bandhelpful?Report Abusesotac972022-02-06 09:01 | Variation: 11 Set Resist Bandhelpful?Report Abuse12...5758596061...', 'marcuscheong_19952021-12-24 08:53 | Variation: 11 Set Resist Bandhelpful?Report Abusejavydaxtoh2022-01-03 18:26 | Variation: 11 Set Resist Bandhelpful?Report Abusesureenfoo2022-02-05 21:09 | Variation: 11 Set Resist Bandhelpful?Report Abusereignss2022-02-11 22:03 | Variation: 11 Set Resist Bandhelpful?Report Abuselucask2022-02-13 14:48 | Variation: 11 Set Resist Bandhelpful?Report Abusebailarico2021-12-17 07:55 | Variation: 11 Set Resist Bandhelpful?Report Abuse12...5859606162...', 'zikz8ck272021-10-25 17:05 | Variation: 11 Set Resist Bandhelpful?Report Abusezikz8ck272021-10-16 22:08 | Variation: 11 Set Resist Bandhelpful?Report Abusehaolitan2022-02-11 16:57 | Variation: 11 Set Resist Bandhelpful?Report Abusecrystalxkwann2022-01-25 22:47 | Variation: 11 Set Resist Bandhelpful?Report Abusefuo8n2k8n22022-02-09 08:16 | Variation: 11 Set Resist Bandhelpful?Report Abusemdaswad092021-12-29 19:34 | Variation: 11 Set Resist Bandhelpful?Report Abuse12...5960616263...', 'j*****r2021-10-29 18:29 | Variation: 11 Set Resist Bandhelpful?Report Abuseb*****82022-01-05 21:21 | Variation: 11 Set Resist Bandhelpful?Report Abuseazaidyariffin2022-02-09 01:06 | Variation: 11 Set Resist Bandhelpful?Report Abusezulaikharizuan132021-12-03 20:26 | Variation: 11 Set Resist Bandhelpful?Report Abuseeggie872021-10-09 23:08 | Variation: 11 Set Resist Bandhelpful?Report Abusekadpakao2022-01-03 11:11 | Variation: 11 Set Resist Bandhelpful?Report Abuse12...6061626364...', 'w.zhong.sg2021-11-10 16:39 | Variation: 11 Set Resist Bandhelpful?Report Abusechuah19852021-12-28 13:54 | Variation: 11 Set Resist Bandhelpful?Report Abuses*****m2021-11-15 10:51 | Variation: 11 Set Resist Bandhelpful?Report Abuseboseujosiee2021-12-14 00:04 | Variation: 11 Set Resist Bandhelpful?Report Abusesyaszwansulni2021-12-08 11:29 | Variation: 11 Set Resist Bandhelpful?Report Abuseazizijuraimi2022-01-26 18:10 | Variation: 11 Set Resist Bandhelpful?Report Abuse12...6162636465...', 'jaymer_extended.sg2021-11-03 20:37 | Variation: 11 Set Resist Bandhelpful?Report Abuseroy77_rainbow2021-11-03 17:33 | Variation: 11 Set Resist Bandhelpful?Report Abuseading24082022-01-12 19:44 | Variation: 11 Set Resist Bandhelpful?Report Abusesmallsandtalls2021-10-29 09:20 | Variation: 11 Set Resist Bandhelpful?Report Abuseyapzuohao2021-12-13 23:50 | Variation: 11 Set Resist Bandhelpful?Report Abusejanelpoh2021-11-22 22:34 | Variation: 11 Set Resist Bandhelpful?Report Abuse12...6263646566...', 'tancwas2022-01-31 01:37 | Variation: 11 Set Resist Bandhelpful?Report Abusephilbert822022-01-06 19:20 | Variation: 11 Set Resist Bandhelpful?Report Abusejustinandersontan2021-10-25 12:04 | Variation: 11 Set Resist Bandhelpful?Report Abuseyellofins2021-12-01 10:03 | Variation: 11 Set Resist Bandhelpful?Report Abusepettybeautyshop2021-12-29 22:29 | Variation: 11 Set Resist Bandhelpful?Report Abusetonisahnasa2022-01-03 10:01 | Variation: 11 Set Resist Bandhelpful?Report Abuse12...6364656667...', 'jiayikoh1232021-12-21 12:36 | Variation: 11 Set Resist Bandhelpful?Report Abusecalvinng972021-12-03 21:25 | Variation: 11 Set Resist Bandhelpful?Report Abusea*****e2021-11-11 20:46 | Variation: 11 Set Resist Bandhelpful?Report Abusel*****a2021-11-04 07:41 | Variation: 11 Set Resist Bandhelpful?Report Abusejesleykinichi2021-12-03 08:12 | Variation: 11 Set Resist Bandhelpful?Report Abusemdfaizhal2021-11-01 17:53 | Variation: 11 Set Resist Bandhelpful?Report Abuse12...6465666768...', 'peblublr762021-12-06 23:06 | Variation: 11 Set Resist Bandhelpful?Report Abuses*****s2021-10-24 01:42 | Variation: 11 Set Resist Bandhelpful?Report Abuseanurashima2622021-10-19 22:05 | Variation: 11 Set Resist Bandhelpful?Report Abusebryanee972021-11-10 15:34 | Variation: 11 Set Resist Bandhelpful?Report Abusezhebinlim2022-01-04 10:07 | Variation: 11 Set Resist Bandhelpful?Report Abusehumanlo2022-01-04 16:07 | Variation: 11 Set Resist Bandhelpful?Report Abuse12...6566676869...', 'alexandermt72021-10-15 17:53 | Variation: 11 Set Resist Bandhelpful?Report Abusedynamight2292021-11-09 21:52 | Variation: 11 Set Resist Bandhelpful?Report Abusealexandermt72021-10-15 17:55 | Variation: 11 Set Resist Bandhelpful?Report Abusekhairulkabo2021-12-01 19:18 | Variation: 11 Set Resist Bandhelpful?Report Abuseh*****i2021-09-28 17:52 | Variation: 11 Set Resist Bandhelpful?Report Abuseeoyq312021-10-27 22:49 | Variation: 11 Set Resist Bandhelpful?Report Abuse12...6667686970...', 'adultstoys2021-11-30 11:43 | Variation: 11 Set Resist Bandhelpful?Report Abusei*****t2021-11-09 08:35 | Variation: 11 Set Resist Bandhelpful?Report Abusejovanchieng2021-10-20 16:50 | Variation: 11 Set Resist Bandhelpful?Report Abusegrayxinyee2021-10-29 17:02 | Variation: 11 Set Resist Bandhelpful?Report Abusejanang012021-11-11 06:16 | Variation: 11 Set Resist Bandhelpful?Report Abusemlvsg2021-12-13 00:01 | Variation: 11 Set Resist Bandhelpful?Report Abuse12...6768697071...', 'sofea1512152021-12-24 18:58 | Variation: 11 Set Resist Bandhelpful?Report Abusemdhelmi122021-09-24 08:35 | Variation: 11 Set Resist Bandhelpful?Report Abusefaizalnhia2022-01-16 08:20 | Variation: 11 Set Resist Bandhelpful?Report Abusejeff.inshpee2021-12-15 21:44 | Variation: 11 Set Resist Bandhelpful?Report Abuseleocool922021-11-27 19:16 | Variation: 11 Set Resist Bandhelpful?Report Abuseimranali672021-10-24 08:29 | Variation: 11 Set Resist Bandhelpful?Report Abuse12...6869707172...', 'yang50662021-10-16 12:56 | Variation: 11 Set Resist Bandhelpful?Report Abuserunningjames2021-12-24 12:51 | Variation: 11 Set Resist Bandhelpful?Report Abusen*****_2021-11-07 23:21 | Variation: 11 Set Resist Bandhelpful?Report Abuse4soj04can22022-01-03 22:33 | Variation: 11 Set Resist Bandhelpful?Report Abuseartmahat2021-11-25 10:14 | Variation: 11 Set Resist Bandhelpful?Report Abuseomfgsyu102021-11-09 13:15 | Variation: 11 Set Resist Bandhelpful?Report Abuse12...6970717273...', 'c*****h2021-12-14 14:16 | Variation: 11 Set Resist Bandhelpful?Report Abusecolorification2021-12-06 01:26 | Variation: 11 Set Resist Bandhelpful?Report Abuseg4ez_bv3w02021-12-30 11:22 | Variation: 11 Set Resist Bandhelpful?Report Abusewei.bin2021-11-07 17:59 | Variation: 11 Set Resist Bandhelpful?Report Abuseruqfyy2021-10-15 00:59 | Variation: 11 Set Resist Bandhelpful?Report Abusealansonteng2021-12-02 08:10 | Variation: 11 Set Resist Bandhelpful?Report Abuse12...7071727374...', 'inception_mn2021-10-09 01:22 | Variation: 11 Set Resist Bandhelpful?Report Abuselimheelit2021-10-02 06:28 | Variation: 11 Set Resist Bandhelpful?Report Abusewateej2021-11-12 00:59 | Variation: 11 Set Resist Bandhelpful?Report Abusenadesharmugam2021-11-09 10:32 | Variation: 11 Set Resist Bandhelpful?Report Abuseowubx1vteb2021-09-30 13:24 | Variation: 11 Set Resist Bandhelpful?Report AbuseShopee User2021-12-15 01:52 | Variation: 11 Set Resist Bandhelpful?Report Abuse12...7172737475...', 'kishorekishore2021-12-08 18:02 | Variation: 11 Set Resist Bandhelpful?Report Abuse7ajdwyogas2021-10-27 14:13 | Variation: 11 Set Resist Bandhelpful?Report Abuseilaijx012021-10-29 22:28 | Variation: 11 Set Resist Bandhelpful?Report Abusepr4pznm53y2021-11-25 19:38 | Variation: 11 Set Resist Bandhelpful?Report Abuses*****32021-10-23 15:42 | Variation: 11 Set Resist Bandhelpful?Report Abusealmaesto2021-11-09 00:07 | Variation: 11 Set Resist Bandhelpful?Report Abuse12...7273747576', '22atikah2021-12-03 13:56 | Variation: 11 Set Resist Bandhelpful?Report Abusexavier9042021-12-02 13:59 | Variation: 11 Set Resist Bandhelpful?Report Abusetommylai19792021-10-29 15:23 | Variation: 11 Set Resist Bandhelpful?Report Abusekaunghtethan2021-10-30 11:53 | Variation: 11 Set Resist Bandhelpful?Report Abusefishpain2021-10-24 23:37 | Variation: 11 Set Resist Bandhelpful?Report Abuseuvqrgxgeq22021-10-14 21:03 | Variation: 11 Set Resist Bandhelpful?Report Abuse12...7273747576', 'tonyboca192021-10-07 19:28 | Variation: 11 Set Resist Bandhelpful?Report Abuse12...7273747576'," 'tonyboca192021-10-07 19:28 | Variation: 11 Set Resist Bandhelpful?Report Abuse12...7273747576']"""
